,houses_sold,total_cost,total_revenue,total_profit,profit_margin_%
0,2335,2284046588.0,66830980296.53762,64546933708.53762,96.58235360626854
